#model,role,privilege
PartnerModel,sensity_admin,CAN_CREATE
PartnerModel,sensity_admin,CAN_DELETE
PartnerModel,sensity_admin,CAN_UPDATE
PartnerModel,sensity_user,CAN_UPDATE
PartnerModel,partner_admin,CAN_UPDATE
PartnerModel,sensity_user,CAN_SUSPEND
PartnerModel,partner_admin,CAN_SUSPEND
PartnerModel,sensity_admin,CAN_READ
PartnerModel,sensity_read_only,CAN_READ
PartnerModel,sensity_user,CAN_READ
PartnerModel,partner_admin,CAN_READ
PartnerModel,partner_deployment_user,CAN_READ
PartnerModel,partner_lighting_user,CAN_READ
PartnerModel,partner_sensor_user,CAN_READ
PartnerModel,partner_networking_user,CAN_READ
PartnerModel,partner_read_only,CAN_READ
PartnerModel,partner_api,CAN_READ
OrgModel,sensity_admin,CAN_CREATE
OrgModel,sensity_user,CAN_CREATE
OrgModel,partner_admin,CAN_CREATE
OrgModel,partner_api,CAN_CREATE
OrgModel,sensity_admin,CAN_CHANGE
OrgModel,sensity_user,CAN_CHANGE
OrgModel,partner_admin,CAN_CHANGE
OrgModel,partner_deployment_user,CAN_CHANGE
OrgModel,partner_lighting_user,CAN_CHANGE
OrgModel,end_user_admin,CAN_CHANGE
OrgModel,parking_owner_admin,CAN_CHANGE
OrgModel,sensity_admin,CAN_SUSPEND
OrgModel,sensity_user,CAN_SUSPEND
OrgModel,partner_admin,CAN_SUSPEND
OrgModel,partner_api,CAN_SUSPEND
OrgModel,sensity_admin,CAN_DELETE
OrgModel,sensity_user,CAN_DELETE
OrgModel,partner_admin,CAN_DELETE
OrgModel,partner_deployment_user,CAN_DELETE
OrgModel,partner_api,CAN_DELETE
OrgModel,sensity_admin,CAN_READ
OrgModel,sensity_read_only,CAN_READ
OrgModel,sensity_user,CAN_READ
OrgModel,partner_admin,CAN_READ
OrgModel,partner_deployment_user,CAN_READ
OrgModel,partner_lighting_user,CAN_READ
OrgModel,partner_sensor_user,CAN_READ
OrgModel,partner_networking_user,CAN_READ
OrgModel,partner_read_only,CAN_READ
OrgModel,partner_api,CAN_READ
OrgModel,end_user_admin,CAN_READ
OrgModel,end_user_read_only,CAN_READ
OrgModel,end_user_api,CAN_READ
OrgModel,parking_owner_admin,CAN_READ
OrgModel,policy_authority,CAN_READ
OrgModel,parking_manager,CAN_READ
OrgModel,end_user_lighting_user,CAN_READ
OrgModel,end_user_sensor_user,CAN_READ
SiteModel,sensity_user,CAN_CREATE
SiteModel,partner_admin,CAN_CREATE
SiteModel,partner_deployment_user,CAN_CREATE
SiteModel,partner_lighting_user,CAN_CREATE
SiteModel,partner_sensor_user,CAN_CREATE
SiteModel,partner_api,CAN_CREATE
SiteModel,sensity_user,CAN_CHANGE
SiteModel,partner_admin,CAN_CHANGE
SiteModel,partner_deployment_user,CAN_CHANGE
SiteModel,partner_api,CAN_CHANGE
SiteModel,end_user_lighting_user,CAN_CHANGE
SiteModel,end_user_sensor_user,CAN_CHANGE
SiteModel,end_user_api,CAN_CHANGE
SiteModel,parking_owner_admin,CAN_CHANGE
SiteModel,sensity_user,CAN_SUSPEND
SiteModel,partner_admin,CAN_SUSPEND
SiteModel,partner_deployment_user,CAN_SUSPEND
SiteModel,partner_api,CAN_SUSPEND
SiteModel,sensity_admin,CAN_READ
SiteModel,sensity_user,CAN_READ
SiteModel,sensity_read_only,CAN_READ
SiteModel,partner_admin,CAN_READ
SiteModel,partner_deployment_user,CAN_READ
SiteModel,partner_lighting_user,CAN_READ
SiteModel,partner_sensor_user,CAN_READ
SiteModel,partner_networking_user,CAN_READ
SiteModel,partner_read_only,CAN_READ
SiteModel,partner_api,CAN_READ
SiteModel,end_user_admin,CAN_READ
SiteModel,end_user_lighting_user,CAN_READ
SiteModel,end_user_sensor_user,CAN_READ
SiteModel,end_user_networking_user,CAN_READ
SiteModel,end_user_read_only,CAN_READ
SiteModel,end_user_api,CAN_READ
SiteModel,installer,CAN_READ
SiteModel,parking_owner_admin,CAN_READ
SiteModel,policy_authority,CAN_READ
SiteModel,parking_manager,CAN_READ
UserModel,sensity_admin,CAN_CREATE_ORG_USER
UserModel,sensity_user,CAN_CREATE_ORG_USER
UserModel,partner_admin,CAN_CREATE_ORG_USER
UserModel,partner_api,CAN_CREATE_ORG_USER
UserModel,end_user_admin,CAN_CREATE_ORG_USER
UserModel,parking_owner_admin,CAN_CREATE_ORG_USER
UserModel,sensity_admin,CAN_CHANGE_ORG_USER
UserModel,sensity_user,CAN_CHANGE_ORG_USER
UserModel,partner_admin,CAN_CHANGE_ORG_USER
UserModel,partner_api,CAN_CHANGE_ORG_USER
UserModel,end_user_admin,CAN_CHANGE_ORG_USER
UserModel,parking_owner_admin,CAN_CHANGE_ORG_USER
UserModel,sensity_admin,CAN_SUSPEND_ORG_USER
UserModel,sensity_user,CAN_SUSPEND_ORG_USER
UserModel,partner_admin,CAN_SUSPEND_ORG_USER
UserModel,partner_api,CAN_SUSPEND_ORG_USER
UserModel,end_user_admin,CAN_SUSPEND_ORG_USER
UserModel,parking_owner_admin,CAN_SUSPEND_ORG_USER
UserModel,sensity_admin,CAN_READ_ORG_USER
UserModel,sensity_user,CAN_READ_ORG_USER
UserModel,sensity_read_only,CAN_READ_ORG_USER
UserModel,partner_admin,CAN_READ_ORG_USER
UserModel,partner_deployment_user,CAN_READ_ORG_USER
UserModel,partner_lighting_user,CAN_READ_ORG_USER
UserModel,partner_sensor_user,CAN_READ_ORG_USER
UserModel,partner_networking_user,CAN_READ_ORG_USER
UserModel,partner_read_only,CAN_READ_ORG_USER
UserModel,partner_api,CAN_READ_ORG_USER
UserModel,end_user_admin,CAN_READ_ORG_USER
UserModel,end_user_lighting_user,CAN_READ_ORG_USER
UserModel,end_user_sensor_user,CAN_READ_ORG_USER
UserModel,end_user_networking_user,CAN_READ_ORG_USER
UserModel,end_user_read_only,CAN_READ_ORG_USER
UserModel,end_user_api,CAN_READ_ORG_USER
UserModel,parking_owner_admin,CAN_READ_ORG_USER
UserModel,policy_authority,CAN_READ_ORG_USER
UserModel,parking_manager,CAN_READ_ORG_USER
UserModel,installer,CAN_READ_ORG_USER
UserModel,sensity_admin,CAN_GENERATE_API_KEY
UserModel,sensity_user,CAN_GENERATE_API_KEY
UserModel,partner_admin,CAN_GENERATE_API_KEY
UserModel,installer,CAN_GENERATE_API_KEY
GroupModel,sensity_user,CAN_CREATE
GroupModel,partner_admin,CAN_CREATE
GroupModel,partner_deployment_user,CAN_CREATE
GroupModel,partner_lighting_user,CAN_CREATE
GroupModel,partner_sensor_user,CAN_CREATE
GroupModel,partner_api,CAN_CREATE
GroupModel,end_user_admin,CAN_CREATE
GroupModel,end_user_lighting_user,CAN_CREATE
GroupModel,end_user_sensor_user,CAN_CREATE
GroupModel,end_user_api,CAN_CREATE
GroupModel,parking_owner_admin,CAN_CREATE
GroupModel,end_user_networking_user,CAN_CREATE
GroupModel,sensity_user,CAN_UPDATE
GroupModel,partner_admin,CAN_UPDATE
GroupModel,partner_deployment_user,CAN_UPDATE
GroupModel,partner_lighting_user,CAN_UPDATE
GroupModel,partner_sensor_user,CAN_UPDATE
GroupModel,partner_api,CAN_UPDATE
GroupModel,end_user_admin,CAN_UPDATE
GroupModel,end_user_lighting_user,CAN_UPDATE
GroupModel,end_user_sensor_user,CAN_UPDATE
GroupModel,end_user_api,CAN_UPDATE
GroupModel,parking_owner_admin,CAN_UPDATE
GroupModel,partner_deployment_user,CAN_UPDATE
GroupModel,end_user_networking_user,CAN_UPDATE
GroupModel,sensity_user,CAN_DELETE
GroupModel,partner_admin,CAN_DELETE
GroupModel,partner_deployment_user,CAN_DELETE
GroupModel,partner_lighting_user,CAN_DELETE
GroupModel,partner_sensor_user,CAN_DELETE
GroupModel,partner_api,CAN_DELETE
GroupModel,end_user_admin,CAN_DELETE
GroupModel,end_user_lighting_user,CAN_DELETE
GroupModel,end_user_sensor_user,CAN_DELETE
GroupModel,end_user_api,CAN_DELETE
GroupModel,parking_owner_admin,CAN_DELETE
GroupModel,end_user_networking_user,CAN_DELETE
GroupModel,sensity_user,CAN_READ
GroupModel,sensity_read_only,CAN_READ
GroupModel,partner_admin,CAN_READ
GroupModel,partner_deployment_user,CAN_READ
GroupModel,partner_lighting_user,CAN_READ
GroupModel,partner_sensor_user,CAN_READ
GroupModel,partner_networking_user,CAN_READ
GroupModel,partner_read_only,CAN_READ
GroupModel,partner_api,CAN_READ
GroupModel,end_user_admin,CAN_READ
GroupModel,end_user_lighting_user,CAN_READ
GroupModel,end_user_sensor_user,CAN_READ
GroupModel,end_user_networking_user,CAN_READ
GroupModel,end_user_read_only,CAN_READ
GroupModel,end_user_api,CAN_READ
GroupModel,installer,CAN_READ
GroupModel,parking_owner_admin,CAN_READ
GroupModel,parking_manager,CAN_READ
GroupModel,partner_deployment_user,CAN_READ
GroupModel,policy_authority,CAN_READ
LicenseModel,sensity_user,CAN_CREATE
LicenseModel,partner_admin,CAN_CREATE
LicenseModel,end_user_admin,CAN_CREATE
LicenseModel,sensity_read_only,CAN_READ
LicenseModel,sensity_user,CAN_READ
LicenseModel,partner_admin,CAN_READ
LicenseModel,end_user_admin,CAN_READ
LicenseModel,sensity_user,CAN_READ_USAGE
LicenseModel,partner_admin,CAN_READ_USAGE
LicenseModel,end_user_admin,CAN_READ_USAGE
LicenseModel,sensity_user,CAN_DELETE
LicenseModel,partner_admin,CAN_DELETE
LicenseModel,end_user_admin,CAN_DELETE
ScheduleModel,sensity_user,CAN_CREATE
ScheduleModel,partner_admin,CAN_CREATE
ScheduleModel,partner_deployment_user,CAN_CREATE
ScheduleModel,partner_lighting_user,CAN_CREATE
ScheduleModel,partner_api,CAN_CREATE
ScheduleModel,end_user_admin,CAN_CREATE
ScheduleModel,end_user_lighting_user,CAN_CREATE
ScheduleModel,end_user_api,CAN_CREATE
ScheduleModel,sensity_user,CAN_UPDATE
ScheduleModel,partner_admin,CAN_UPDATE
ScheduleModel,partner_deployment_user,CAN_UPDATE
ScheduleModel,partner_lighting_user,CAN_UPDATE
ScheduleModel,partner_api,CAN_UPDATE
ScheduleModel,end_user_admin,CAN_UPDATE
ScheduleModel,end_user_lighting_user,CAN_UPDATE
ScheduleModel,end_user_api,CAN_UPDATE
ScheduleModel,sensity_user,CAN_DELETE
ScheduleModel,partner_admin,CAN_DELETE
ScheduleModel,partner_deployment_user,CAN_DELETE
ScheduleModel,partner_lighting_user,CAN_DELETE
ScheduleModel,partner_api,CAN_DELETE
ScheduleModel,end_user_admin,CAN_DELETE
ScheduleModel,end_user_lighting_user,CAN_DELETE
ScheduleModel,end_user_api,CAN_DELETE
ScheduleModel,sensity_read_only,CAN_READ
ScheduleModel,sensity_user,CAN_READ
ScheduleModel,partner_admin,CAN_READ
ScheduleModel,partner_deployment_user,CAN_READ
ScheduleModel,partner_lighting_user,CAN_READ
ScheduleModel,partner_sensor_user,CAN_READ
ScheduleModel,partner_read_only,CAN_READ
ScheduleModel,partner_api,CAN_READ
ScheduleModel,end_user_admin,CAN_READ
ScheduleModel,end_user_lighting_user,CAN_READ
ScheduleModel,end_user_sensor_user,CAN_READ
ScheduleModel,end_user_networking_user,CAN_READ
ScheduleModel,end_user_api,CAN_READ
ScheduleModel,installer,CAN_READ
ScheduleModel,end_user_read_only,CAN_READ
ScheduleModel,partner_networking_user,CAN_READ
ScheduleModel,parking_manager,CAN_READ
ScheduleModel,sensity_user,CAN_APPLY
ScheduleModel,partner_admin,CAN_APPLY
ScheduleModel,partner_deployment_user,CAN_APPLY
ScheduleModel,partner_lighting_user,CAN_APPLY
ScheduleModel,partner_api,CAN_APPLY
ScheduleModel,end_user_admin,CAN_APPLY
ScheduleModel,end_user_lighting_user,CAN_APPLY
ScheduleModel,end_user_api,CAN_APPLY
ScheduleModel,partner_read_only,CAN_APPLY
ScheduleModel,end_user_read_only,CAN_APPLY
NodeModel,sensity_user,CAN_ASSIGN_TO_LS_GROUP
NodeModel,partner_admin,CAN_ASSIGN_TO_LS_GROUP
NodeModel,partner_deployment_user,CAN_ASSIGN_TO_LS_GROUP
NodeModel,partner_api,CAN_ASSIGN_TO_LS_GROUP
NodeModel,end_user_admin,CAN_ASSIGN_TO_LS_GROUP
NodeModel,end_user_lighting_user,CAN_ASSIGN_TO_LS_GROUP
NodeModel,end_user_api,CAN_ASSIGN_TO_LS_GROUP
NodeModel,sensity_user,CAN_ASSIGN_LM_DETECTION_TO_GROUP
NodeModel,partner_admin,CAN_ASSIGN_LM_DETECTION_TO_GROUP
NodeModel,partner_deployment_user,CAN_ASSIGN_LM_DETECTION_TO_GROUP
NodeModel,partner_api,CAN_ASSIGN_LM_DETECTION_TO_GROUP
NodeModel,end_user_admin,CAN_ASSIGN_LM_DETECTION_TO_GROUP
NodeModel,end_user_lighting_user,CAN_ASSIGN_LM_DETECTION_TO_GROUP
NodeModel,end_user_api,CAN_ASSIGN_LM_DETECTION_TO_GROUP
NodeModel,sensity_user,CAN_MANAGE_LIGHTS
NodeModel,partner_admin,CAN_MANAGE_LIGHTS
NodeModel,partner_deployment_user,CAN_MANAGE_LIGHTS
NodeModel,partner_lighting_user,CAN_MANAGE_LIGHTS
NodeModel,partner_api,CAN_MANAGE_LIGHTS
NodeModel,end_user_admin,CAN_MANAGE_LIGHTS
NodeModel,end_user_lighting_user,CAN_MANAGE_LIGHTS
NodeModel,end_user_api,CAN_MANAGE_LIGHTS
NodeModel,installer,CAN_MANAGE_LIGHTS
NodeModel,sensity_admin,CAN_READ
NodeModel,sensity_user,CAN_READ
NodeModel,sensity_read_only,CAN_READ
NodeModel,partner_admin,CAN_READ
NodeModel,partner_deployment_user,CAN_READ
NodeModel,partner_lighting_user,CAN_READ
NodeModel,partner_sensor_user,CAN_READ
NodeModel,partner_api,CAN_READ
NodeModel,partner_read_only,CAN_READ
NodeModel,end_user_admin,CAN_READ
NodeModel,end_user_lighting_user,CAN_READ
NodeModel,end_user_read_only,CAN_READ
NodeModel,end_user_sensor_user,CAN_READ
NodeModel,end_user_api,CAN_READ
NodeModel,installer,CAN_READ
NodeModel,parking_owner_admin,CAN_READ
NodeModel,policy_authority,CAN_READ
NodeModel,parking_manager,CAN_READ
NodeModel,end_user_networking_user,CAN_READ
NodeModel,partner_deployment_user,CAN_READ
NodeModel,partner_networking_user,CAN_READ
NodeModel,sensity_user,CAN_CREATE
NodeModel,sensity_admin,CAN_CREATE
NodeModel,partner_admin,CAN_CREATE
NodeModel,partner_deployment_user,CAN_CREATE
NodeModel,partner_api,CAN_CREATE
NodeModel,installer,CAN_CREATE
NodeModel,sensity_user,CAN_CHANGE
NodeModel,partner_admin,CAN_CHANGE
NodeModel,partner_deployment_user,CAN_CHANGE
NodeModel,partner_lighting_user,CAN_CHANGE
NodeModel,partner_sensor_user,CAN_CHANGE
NodeModel,partner_api,CAN_CHANGE
NodeModel,end_user_admin,CAN_CHANGE
NodeModel,end_user_lighting_user,CAN_CHANGE
NodeModel,end_user_sensor_user,CAN_CHANGE
NodeModel,installer,CAN_CHANGE
NodeModel,end_user_api,CAN_CHANGE
NodeModel,sensity_user,CAN_DEACTIVATE
NodeModel,partner_admin,CAN_DEACTIVATE
NodeModel,partner_deployment_user,CAN_DEACTIVATE
NodeModel,partner_api,CAN_DEACTIVATE
NodeModel,end_user_admin,CAN_DEACTIVATE
NodeModel,end_user_lighting_user,CAN_DEACTIVATE
NodeModel,end_user_api,CAN_DEACTIVATE
NodeModel,installer,CAN_DEACTIVATE
NodeModel,sensity_user,CAN_OPERATE
NodeModel,partner_admin,CAN_OPERATE
NodeModel,partner_deployment_user,CAN_OPERATE
NodeModel,partner_api,CAN_OPERATE
NodeModel,end_user_admin,CAN_OPERATE
NodeModel,end_user_lighting_user,CAN_OPERATE
NodeModel,end_user_api,CAN_OPERATE
NodeModel,installer,CAN_OPERATE
NodeModel,sensity_user,CAN_ASSIGN_TO_ORGS
NodeModel,partner_admin,CAN_ASSIGN_TO_ORGS
NodeModel,partner_deployment_user,CAN_ASSIGN_TO_ORGS
NodeModel,partner_api,CAN_ASSIGN_TO_ORGS
NodeModel,end_user_admin,CAN_ASSIGN_TO_ORGS
NodeModel,end_user_lighting_user,CAN_ASSIGN_TO_ORGS
NodeModel,end_user_api,CAN_ASSIGN_TO_ORGS
NodeModel,installer,CAN_ASSIGN_TO_ORGS
NodeModel,sensity_user,CAN_ASSIGN_TO_SITES
NodeModel,partner_admin,CAN_ASSIGN_TO_SITES
NodeModel,partner_deployment_user,CAN_ASSIGN_TO_SITES
NodeModel,partner_api,CAN_ASSIGN_TO_SITES
NodeModel,end_user_admin,CAN_ASSIGN_TO_SITES
NodeModel,end_user_api,CAN_ASSIGN_TO_SITES
NodeModel,installer,CAN_ASSIGN_TO_SITES
NodeModel,sensity_admin,CAN_ASSIGN_TO_SITES
NodeModel,sensity_user,CAN_ASSIGN_TO_GROUPS
NodeModel,partner_admin,CAN_ASSIGN_TO_GROUPS
NodeModel,partner_deployment_user,CAN_ASSIGN_TO_GROUPS
NodeModel,partner_api,CAN_ASSIGN_TO_GROUPS
NodeModel,end_user_admin,CAN_ASSIGN_TO_GROUPS
NodeModel,end_user_lighting_user,CAN_ASSIGN_TO_GROUPS
NodeModel,end_user_api,CAN_ASSIGN_TO_GROUPS
NodeModel,installer,CAN_ASSIGN_TO_GROUPS
NodeModel,parking_owner_admin,CAN_ASSIGN_TO_GROUPS
NodeModel,policy_authority,CAN_ASSIGN_TO_GROUPS
NodeModel,parking_manager,CAN_ASSIGN_TO_GROUPS
NodeModel,partner_admin,CAN_UPGRADE_FIRMWARE
NodeModel,partner_deployment_user,CAN_UPGRADE_FIRMWARE
NodeModel,partner_api,CAN_UPGRADE_FIRMWARE
NodeModel,end_user_admin,CAN_UPGRADE_FIRMWARE
NodeModel,end_user_lighting_user,CAN_UPGRADE_FIRMWARE
NodeModel,end_user_api,CAN_UPGRADE_FIRMWARE
NodeModel,sensity_user,CAN_ASSIGN_FIXTURE
NodeModel,partner_admin,CAN_ASSIGN_FIXTURE
NodeModel,partner_deployment_user,CAN_ASSIGN_FIXTURE
NodeModel,partner_api,CAN_ASSIGN_FIXTURE
NodeModel,end_user_admin,CAN_ASSIGN_FIXTURE
NodeModel,end_user_lighting_user,CAN_ASSIGN_FIXTURE
NodeModel,end_user_api,CAN_ASSIGN_FIXTURE
NodeModel,installer,CAN_ASSIGN_FIXTURE
NodeModel,partner_lighting_user,CAN_ASSIGN_FIXTURE
NodeModel,end_user_sensor_user,CAN_ASSIGN_FIXTURE
NodeModel,sensity_admin,CAN_SEARCH
NodeModel,sensity_read_only,CAN_SEARCH
NodeModel,sensity_user,CAN_SEARCH
NodeModel,partner_admin,CAN_SEARCH
NodeModel,partner_deployment_user,CAN_SEARCH
NodeModel,partner_read_only,CAN_SEARCH
NodeModel,partner_api,CAN_SEARCH
NodeModel,end_user_admin,CAN_SEARCH
NodeModel,end_user_lighting_user,CAN_SEARCH
NodeModel,end_user_read_only,CAN_SEARCH
NodeModel,end_user_api,CAN_SEARCH
NodeModel,parking_owner_admin,CAN_SEARCH
NodeModel,policy_authority,CAN_SEARCH
NodeModel,parking_manager,CAN_SEARCH
NodeModel,end_user_networking_user,CAN_SEARCH
NodeModel,sensity_admin,CAN_RETRIEVE_LOG_FILE
NodeModel,sensity_read_only,CAN_RETRIEVE_LOG_FILE
NodeModel,sensity_user,CAN_RETRIEVE_LOG_FILE
NodeModel,partner_admin,CAN_RETRIEVE_LOG_FILE
NodeModel,partner_deployment_user,CAN_RETRIEVE_LOG_FILE
NodeModel,partner_read_only,CAN_RETRIEVE_LOG_FILE
NodeModel,partner_api,CAN_RETRIEVE_LOG_FILE
NodeModel,end_user_admin,CAN_RETRIEVE_LOG_FILE
NodeModel,end_user_lighting_user,CAN_RETRIEVE_LOG_FILE
NodeModel,end_user_read_only,CAN_RETRIEVE_LOG_FILE
NodeModel,end_user_api,CAN_RETRIEVE_LOG_FILE
NodeModel,installer,CAN_RETRIEVE_LOG_FILE
NodeModel,sensity_admin,CAN_RETRIEVE_ALARM
NodeModel,sensity_read_only,CAN_RETRIEVE_ALARM
NodeModel,sensity_user,CAN_RETRIEVE_ALARM
NodeModel,partner_admin,CAN_RETRIEVE_ALARM
NodeModel,partner_deployment_user,CAN_RETRIEVE_ALARM
NodeModel,partner_read_only,CAN_RETRIEVE_ALARM
NodeModel,partner_api,CAN_RETRIEVE_ALARM
NodeModel,end_user_admin,CAN_RETRIEVE_ALARM
NodeModel,end_user_lighting_user,CAN_RETRIEVE_ALARM
NodeModel,end_user_read_only,CAN_RETRIEVE_ALARM
NodeModel,end_user_api,CAN_RETRIEVE_ALARM
NodeModel,installer,CAN_RETRIEVE_ALARM
NodeModel,end_user_networking_user,CAN_RETRIEVE_ALARM
ConfigModel,partner_admin,CAN_CREATE
ConfigModel,partner_api,CAN_CREATE
ConfigModel,sensity_user,CAN_CREATE
ConfigModel,sensity_user,CAN_UPDATE
ConfigModel,partner_admin,CAN_UPDATE
ConfigModel,partner_api,CAN_UPDATE
ConfigModel,sensity_user,CAN_DEACTIVATE
ConfigModel,partner_admin,CAN_DEACTIVATE
ConfigModel,partner_api,CAN_DEACTIVATE
ConfigModel,sensity_read_only,CAN_READ
ConfigModel,sensity_user,CAN_READ
ConfigModel,partner_admin,CAN_READ
ConfigModel,partner_deployment_user,CAN_READ
ConfigModel,partner_lighting_user,CAN_READ
ConfigModel,partner_sensor_user,CAN_READ
ConfigModel,partner_read_only,CAN_READ
ConfigModel,partner_api,CAN_READ
ConfigModel,end_user_networking_user,CAN_READ
ConfigModel,partner_networking_user,CAN_READ
ConfigModel,parking_manager,CAN_READ
ConfigModel,policy_authority,CAN_READ
ConfigModel,sensity_admin,CAN_READ
ConfigModel,sensity_user,CAN_APPLY
ConfigModel,partner_admin,CAN_APPLY
ConfigModel,partner_api,CAN_APPLY
ConfigModel,end_user_admin,CAN_APPLY
FixtureModel,sensity_user,CAN_READ
FixtureModel,partner_admin,CAN_READ
FixtureModel,partner_deployment_user,CAN_READ
FixtureModel,partner_lighting_user,CAN_READ
FixtureModel,partner_api,CAN_READ
FixtureModel,end_user_admin,CAN_READ
FixtureModel,end_user_lighting_user,CAN_READ
FixtureModel,end_user_api,CAN_READ
FixtureModel,installer,CAN_READ
FixtureModel,partner_deployment_user,CAN_READ
FixtureModel,sensity_read_only,CAN_READ
FixtureModel,partner_read_only,CAN_READ
FixtureModel,end_user_read_only,CAN_READ
FixtureModel,sensity_user,CAN_CREATE
FixtureModel,partner_admin,CAN_CREATE
FixtureModel,partner_deployment_user,CAN_CREATE
FixtureModel,partner_lighting_user,CAN_CREATE
FixtureModel,partner_api,CAN_CREATE
FixtureModel,end_user_admin,CAN_CREATE
FixtureModel,end_user_lighting_user,CAN_CREATE
FixtureModel,end_user_api,CAN_CREATE
FixtureModel,installer,CAN_CREATE
FixtureModel,sensity_user,CAN_UPDATE
FixtureModel,partner_admin,CAN_UPDATE
FixtureModel,partner_deployment_user,CAN_UPDATE
FixtureModel,partner_lighting_user,CAN_UPDATE
FixtureModel,partner_api,CAN_UPDATE
FixtureModel,end_user_admin,CAN_UPDATE
FixtureModel,end_user_lighting_user,CAN_UPDATE
FixtureModel,end_user_api,CAN_UPDATE
FixtureModel,installer,CAN_UPDATE
FixtureModel,partner_deployment_user,CAN_UPDATE
FixtureModel,sensity_user,CAN_DELETE
FixtureModel,partner_admin,CAN_DELETE
FixtureModel,partner_deployment_user,CAN_DELETE
FixtureModel,partner_lighting_user,CAN_DELETE
FixtureModel,partner_api,CAN_DELETE
FixtureModel,end_user_admin,CAN_DELETE
FixtureModel,end_user_lighting_user,CAN_DELETE
FixtureModel,end_user_api,CAN_DELETE
FixtureModel,installer,CAN_DELETE
AuditModel,sensity_user,CAN_CREATE
AuditModel,partner_admin,CAN_CREATE
AuditModel,partner_deployment_user,CAN_CREATE
AuditModel,end_user_admin,CAN_CREATE
AuditModel,end_user_lighting_user,CAN_CREATE
AuditModel,end_user_api,CAN_CREATE
AuditModel,parking_owner_admin,CAN_CREATE
AuditModel,policy_authority,CAN_CREATE
AuditModel,parking_manager,CAN_CREATE
AuditModel,sensity_user,CAN_UPDATE
AuditModel,partner_admin,CAN_UPDATE
AuditModel,partner_deployment_user,CAN_UPDATE
AuditModel,end_user_admin,CAN_UPDATE
AuditModel,end_user_lighting_user,CAN_UPDATE
AuditModel,end_user_api,CAN_UPDATE
AuditModel,sensity_user,CAN_DELETE
AuditModel,partner_admin,CAN_DELETE
AuditModel,partner_deployment_user,CAN_DELETE
AuditModel,end_user_admin,CAN_DELETE
AuditModel,end_user_lighting_user,CAN_DELETE
AuditModel,end_user_api,CAN_DELETE
AuditModel,sensity_admin,CAN_READ
AuditModel,sensity_read_only,CAN_READ
AuditModel,sensity_user,CAN_READ
AuditModel,partner_admin,CAN_READ
AuditModel,partner_deployment_user,CAN_READ
AuditModel,partner_lighting_user,CAN_READ
AuditModel,partner_read_only,CAN_READ
AuditModel,partner_api,CAN_READ
AuditModel,end_user_admin,CAN_READ
AuditModel,end_user_lighting_user,CAN_READ
AuditModel,end_user_read_only,CAN_READ
AuditModel,end_user_api,CAN_READ
AuditModel,installer,CAN_READ
AuditModel,parking_owner_admin,CAN_READ
AuditModel,end_user_networking_user,CAN_READ
AuditModel,installer,CAN_READ
AuditModel,partner_sensor_user,CAN_READ
AuditModel,end_user_sensor_user,CAN_READ
AuditModel,partner_networking_user,CAN_READ
FirmwareModel,sensity_user,CAN_CREATE
FirmwareModel,partner_admin,CAN_CREATE
FirmwareModel,partner_deployment_user,CAN_CREATE
FirmwareModel,end_user_api,CAN_CREATE
FirmwareModel,sensity_user,CAN_UPDATE
FirmwareModel,partner_admin,CAN_UPDATE
FirmwareModel,partner_deployment_user,CAN_UPDATE
FirmwareModel,end_user_api,CAN_UPDATE
FirmwareModel,sensity_user,CAN_DELETE
FirmwareModel,partner_admin,CAN_DELETE
FirmwareModel,partner_deployment_user,CAN_DELETE
FirmwareModel,end_user_api,CAN_DELETE
FirmwareModel,sensity_read_only,CAN_READ
FirmwareModel,sensity_user,CAN_READ
FirmwareModel,partner_admin,CAN_READ
FirmwareModel,partner_deployment_user,CAN_READ
FirmwareModel,partner_read_only,CAN_READ
FirmwareModel,end_user_admin,CAN_READ
FirmwareModel,end_user_lighting_user,CAN_READ
FirmwareModel,end_user_read_only,CAN_READ
FirmwareModel,end_user_api,CAN_READ
FirmwareModel,parking_owner_admin,CAN_READ
FirmwareModel,installer,CAN_READ
FirmwareModel,partner_deployment_user,CAN_READ
FirmwareModel,partner_read_only,CAN_READ
FirmwareModel,end_user_read_only,CAN_READ
FirmwareModel,partner_lighting_user,CAN_READ
FirmwareModel,partner_networking_user,CAN_READ
FirmwareModel,parking_manager,CAN_READ
FirmwareModel,policy_authority,CAN_READ
NotificationModel,sensity_user,CAN_CREATE
NotificationModel,partner_admin,CAN_CREATE
NotificationModel,partner_deployment_user,CAN_CREATE
NotificationModel,end_user_admin,CAN_CREATE
NotificationModel,partner_api,CAN_CREATE
NotificationModel,end_user_lighting_user,CAN_CREATE
NotificationModel,end_user_api,CAN_CREATE
NotificationModel,parking_owner_admin,CAN_CREATE
NotificationModel,end_user_networking_user,CAN_CREATE
NotificationModel,installer,CAN_CREATE
NotificationModel,end_user_sensor_user,CAN_CREATE
NotificationModel,partner_lighting_user,CAN_CREATE
NotificationModel,parking_manager,CAN_CREATE
NotificationModel,sensity_user,CAN_UPDATE
NotificationModel,partner_admin,CAN_UPDATE
NotificationModel,partner_deployment_user,CAN_UPDATE
NotificationModel,end_user_admin,CAN_UPDATE
NotificationModel,partner_api,CAN_UPDATE
NotificationModel,end_user_lighting_user,CAN_UPDATE
NotificationModel,end_user_api,CAN_UPDATE
NotificationModel,parking_owner_admin,CAN_UPDATE
NotificationModel,end_user_networking_user,CAN_UPDATE
NotificationModel,installer,CAN_UPDATE
NotificationModel,end_user_sensor_user,CAN_UPDATE
NotificationModel,partner_lighting_user,CAN_UPDATE
NotificationModel,parking_manager,CAN_UPDATE
NotificationModel,sensity_user,CAN_DELETE
NotificationModel,partner_admin,CAN_DELETE
NotificationModel,partner_deployment_user,CAN_DELETE
NotificationModel,end_user_admin,CAN_DELETE
NotificationModel,partner_api,CAN_DELETE
NotificationModel,end_user_lighting_user,CAN_DELETE
NotificationModel,end_user_api,CAN_DELETE
NotificationModel,parking_owner_admin,CAN_DELETE
NotificationModel,end_user_networking_user,CAN_DELETE
NotificationModel,installer,CAN_DELETE
NotificationModel,end_user_sensor_user,CAN_DELETE
NotificationModel,partner_lighting_user,CAN_DELETE
NotificationModel,parking_manager,CAN_DELETE
NotificationModel,sensity_read_only,CAN_READ
NotificationModel,sensity_user,CAN_READ
NotificationModel,partner_admin,CAN_READ
NotificationModel,partner_deployment_user,CAN_READ
NotificationModel,partner_read_only,CAN_READ
NotificationModel,partner_api,CAN_READ
NotificationModel,end_user_admin,CAN_READ
NotificationModel,end_user_lighting_user,CAN_READ
NotificationModel,end_user_read_only,CAN_READ
NotificationModel,end_user_api,CAN_READ
NotificationModel,parking_owner_admin,CAN_READ
NotificationModel,end_user_networking_user,CAN_READ
NotificationModel,installer,CAN_READ
NotificationModel,partner_sensor_user,CAN_READ
NotificationModel,end_user_sensor_user,CAN_READ
NotificationModel,partner_networking_user,CAN_READ
NotificationModel,partner_lighting_user,CAN_READ
NotificationModel,parking_manager,CAN_READ
NotificationModel,sensity_user,CAN_ACTIVATE
NotificationModel,partner_admin,CAN_ACTIVATE
NotificationModel,partner_deployment_user,CAN_ACTIVATE
NotificationModel,end_user_admin,CAN_ACTIVATE
NotificationModel,partner_api,CAN_ACTIVATE
NotificationModel,end_user_lighting_user,CAN_ACTIVATE
NotificationModel,end_user_api,CAN_ACTIVATE
NotificationModel,parking_owner_admin,CAN_ACTIVATE
NotificationModel,end_user_networking_user,CAN_ACTIVATE
NotificationModel,installer,CAN_ACTIVATE
NotificationModel,end_user_sensor_user,CAN_ACTIVATE
NotificationModel,partner_lighting_user,CAN_ACTIVATE
NotificationModel,parking_manager,CAN_ACTIVATE
NotificationModel,sensity_user,CAN_DEACTIVATE
NotificationModel,partner_admin,CAN_DEACTIVATE
NotificationModel,partner_deployment_user,CAN_DEACTIVATE
NotificationModel,end_user_admin,CAN_DEACTIVATE
NotificationModel,partner_api,CAN_DEACTIVATE
NotificationModel,end_user_lighting_user,CAN_DEACTIVATE
NotificationModel,end_user_api,CAN_DEACTIVATE
NotificationModel,parking_owner_admin,CAN_DEACTIVATE
NotificationModel,end_user_networking_user,CAN_DEACTIVATE
NotificationModel,installer,CAN_DEACTIVATE
NotificationModel,end_user_sensor_user,CAN_DEACTIVATE
NotificationModel,partner_lighting_user,CAN_DEACTIVATE
NotificationModel,parking_manager,CAN_DEACTIVATE
ParkingZoneModel,sensity_user,CAN_CREATE
ParkingZoneModel,partner_admin,CAN_CREATE
ParkingZoneModel,partner_deployment_user,CAN_CREATE
ParkingZoneModel,end_user_admin,CAN_CREATE
ParkingZoneModel,partner_api,CAN_CREATE
ParkingZoneModel,end_user_api,CAN_CREATE
ParkingZoneModel,parking_owner_admin,CAN_CREATE
ParkingZoneModel,policy_authority,CAN_CREATE
ParkingZoneModel,sensity_user,CAN_UPDATE
ParkingZoneModel,partner_admin,CAN_UPDATE
ParkingZoneModel,partner_deployment_user,CAN_UPDATE
ParkingZoneModel,end_user_admin,CAN_UPDATE
ParkingZoneModel,partner_api,CAN_UPDATE
ParkingZoneModel,end_user_api,CAN_UPDATE
ParkingZoneModel,parking_owner_admin,CAN_UPDATE
ParkingZoneModel,policy_authority,CAN_UPDATE
ParkingZoneModel,sensity_user,CAN_DELETE
ParkingZoneModel,partner_admin,CAN_DELETE
ParkingZoneModel,partner_deployment_user,CAN_DELETE
ParkingZoneModel,end_user_admin,CAN_DELETE
ParkingZoneModel,partner_api,CAN_DELETE
ParkingZoneModel,end_user_api,CAN_DELETE
ParkingZoneModel,parking_owner_admin,CAN_DELETE
ParkingZoneModel,policy_authority,CAN_DELETE
ParkingZoneModel,sensity_read_only,CAN_READ
ParkingZoneModel,sensity_user,CAN_READ
ParkingZoneModel,partner_admin,CAN_READ
ParkingZoneModel,partner_deployment_user,CAN_READ
ParkingZoneModel,partner_read_only,CAN_READ
ParkingZoneModel,partner_api,CAN_READ
ParkingZoneModel,end_user_admin,CAN_READ
ParkingZoneModel,end_user_read_only,CAN_READ
ParkingZoneModel,end_user_api,CAN_READ
ParkingZoneModel,parking_owner_admin,CAN_READ
ParkingZoneModel,policy_authority,CAN_READ
ParkingZoneModel,parking_manager,CAN_READ
ParkingZoneModel,sensity_read_only,CAN_READ
TrafficObjectModel,sensity_user,CAN_CREATE
TrafficObjectModel,partner_admin,CAN_CREATE
TrafficObjectModel,partner_deployment_user,CAN_CREATE
TrafficObjectModel,end_user_admin,CAN_CREATE
TrafficObjectModel,partner_api,CAN_CREATE
TrafficObjectModel,end_user_api,CAN_CREATE
TrafficObjectModel,sensity_user,CAN_UPDATE
TrafficObjectModel,partner_admin,CAN_UPDATE
TrafficObjectModel,partner_deployment_user,CAN_UPDATE
TrafficObjectModel,end_user_admin,CAN_UPDATE
TrafficObjectModel,partner_api,CAN_UPDATE
TrafficObjectModel,end_user_api,CAN_UPDATE
TrafficObjectModel,sensity_user,CAN_DELETE
TrafficObjectModel,partner_admin,CAN_DELETE
TrafficObjectModel,partner_deployment_user,CAN_DELETE
TrafficObjectModel,end_user_admin,CAN_DELETE
TrafficObjectModel,partner_api,CAN_DELETE
TrafficObjectModel,end_user_api,CAN_DELETE
TrafficObjectModel,sensity_read_only,CAN_READ
TrafficObjectModel,sensity_user,CAN_READ
TrafficObjectModel,partner_admin,CAN_READ
TrafficObjectModel,partner_deployment_user,CAN_READ
TrafficObjectModel,partner_read_only,CAN_READ
TrafficObjectModel,partner_api,CAN_READ
TrafficObjectModel,end_user_admin,CAN_READ
TrafficObjectModel,end_user_read_only,CAN_READ
TrafficObjectModel,end_user_api,CAN_READ
AlertModel,sensity_user,CAN_CREATE
AlertModel,partner_admin,CAN_CREATE
AlertModel,partner_deployment_user,CAN_CREATE
AlertModel,end_user_admin,CAN_CREATE
AlertModel,end_user_lighting_user,CAN_CREATE
AlertModel,end_user_api,CAN_CREATE
AlertModel,parking_owner_admin,CAN_CREATE
AlertModel,end_user_sensor_user,CAN_CREATE
AlertModel,partner_lighting_user,CAN_CREATE
AlertModel,sensity_user,CAN_UPDATE
AlertModel,partner_admin,CAN_UPDATE
AlertModel,partner_deployment_user,CAN_UPDATE
AlertModel,end_user_admin,CAN_UPDATE
AlertModel,end_user_lighting_user,CAN_UPDATE
AlertModel,end_user_api,CAN_UPDATE
AlertModel,parking_owner_admin,CAN_UPDATE
AlertModel,end_user_sensor_user,CAN_UPDATE
AlertModel,partner_lighting_user,CAN_UPDATE
AlertModel,sensity_user,CAN_DELETE
AlertModel,partner_admin,CAN_DELETE
AlertModel,partner_deployment_user,CAN_DELETE
AlertModel,end_user_admin,CAN_DELETE
AlertModel,end_user_lighting_user,CAN_DELETE
AlertModel,end_user_api,CAN_DELETE
AlertModel,parking_owner_admin,CAN_DELETE
AlertModel,end_user_sensor_user,CAN_DELETE
AlertModel,partner_lighting_user,CAN_DELETE
AlertModel,sensity_read_only,CAN_READ
AlertModel,sensity_user,CAN_READ
AlertModel,partner_admin,CAN_READ
AlertModel,partner_deployment_user,CAN_READ
AlertModel,partner_read_only,CAN_READ
AlertModel,partner_api,CAN_READ
AlertModel,end_user_admin,CAN_READ
AlertModel,end_user_lighting_user,CAN_READ
AlertModel,end_user_read_only,CAN_READ
AlertModel,end_user_api,CAN_READ
AlertModel,parking_owner_admin,CAN_READ
AlertModel,end_user_networking_user,CAN_READ
AlertModel,installer,CAN_READ
AlertModel,partner_sensor_user,CAN_READ
AlertModel,end_user_sensor_user,CAN_READ
AlertModel,partner_networking_user,CAN_READ
AlertModel,partner_lighting_user,CAN_READ
OverlayModel,sensity_user,CAN_CREATE
OverlayModel,partner_admin,CAN_CREATE
OverlayModel,partner_deployment_user,CAN_CREATE
OverlayModel,end_user_admin,CAN_CREATE
OverlayModel,end_user_lighting_user,CAN_CREATE
OverlayModel,end_user_api,CAN_CREATE
OverlayModel,sensity_user,CAN_UPDATE
OverlayModel,partner_admin,CAN_UPDATE
OverlayModel,partner_deployment_user,CAN_UPDATE
OverlayModel,end_user_admin,CAN_UPDATE
OverlayModel,end_user_lighting_user,CAN_UPDATE
OverlayModel,end_user_api,CAN_UPDATE
OverlayModel,sensity_user,CAN_DELETE
OverlayModel,partner_admin,CAN_DELETE
OverlayModel,partner_deployment_user,CAN_DELETE
OverlayModel,end_user_admin,CAN_DELETE
OverlayModel,end_user_lighting_user,CAN_DELETE
OverlayModel,end_user_api,CAN_DELETE
OverlayModel,sensity_read_only,CAN_READ
OverlayModel,sensity_user,CAN_READ
OverlayModel,partner_admin,CAN_READ
OverlayModel,partner_deployment_user,CAN_READ
OverlayModel,partner_read_only,CAN_READ
OverlayModel,end_user_admin,CAN_READ
OverlayModel,end_user_lighting_user,CAN_READ
OverlayModel,end_user_read_only,CAN_READ
OverlayModel,end_user_api,CAN_READ
ParkingSpotModel,sensity_user,CAN_CREATE
ParkingSpotModel,sensity_admin,CAN_CREATE
ParkingSpotModel,partner_admin,CAN_CREATE
ParkingSpotModel,partner_deployment_user,CAN_CREATE
ParkingSpotModel,end_user_admin,CAN_CREATE
ParkingSpotModel,end_user_api,CAN_CREATE
ParkingSpotModel,parking_owner_admin,CAN_CREATE
ParkingSpotModel,policy_authority,CAN_CREATE
ParkingSpotModel,parking_manager,CAN_CREATE
ParkingSpotModel,sensity_user,CAN_UPDATE
ParkingSpotModel,sensity_admin,CAN_UPDATE
ParkingSpotModel,partner_admin,CAN_UPDATE
ParkingSpotModel,partner_deployment_user,CAN_UPDATE
ParkingSpotModel,end_user_admin,CAN_UPDATE
ParkingSpotModel,end_user_api,CAN_UPDATE
ParkingSpotModel,parking_owner_admin,CAN_UPDATE
ParkingSpotModel,policy_authority,CAN_UPDATE
ParkingSpotModel,parking_manager,CAN_UPDATE
ParkingSpotModel,sensity_user,CAN_DELETE
ParkingSpotModel,sensity_admin,CAN_DELETE
ParkingSpotModel,partner_admin,CAN_DELETE
ParkingSpotModel,partner_deployment_user,CAN_DELETE
ParkingSpotModel,end_user_admin,CAN_DELETE
ParkingSpotModel,end_user_api,CAN_DELETE
ParkingSpotModel,parking_owner_admin,CAN_DELETE
ParkingSpotModel,policy_authority,CAN_DELETE
ParkingSpotModel,parking_manager,CAN_DELETE
ParkingSpotModel,sensity_user,CAN_READ
ParkingSpotModel,sensity_admin,CAN_READ
ParkingSpotModel,partner_admin,CAN_READ
ParkingSpotModel,partner_deployment_user,CAN_READ
ParkingSpotModel,end_user_admin,CAN_READ
ParkingSpotModel,end_user_api,CAN_READ
ParkingSpotModel,parking_owner_admin,CAN_READ
ParkingSpotModel,policy_authority,CAN_READ
ParkingSpotModel,parking_manager,CAN_READ
ParkingSpotModel,sensity_read_only,CAN_READ
ParkingPolicyModel,sensity_user,CAN_CREATE
ParkingPolicyModel,partner_admin,CAN_CREATE
ParkingPolicyModel,partner_deployment_user,CAN_CREATE
ParkingPolicyModel,end_user_admin,CAN_CREATE
ParkingPolicyModel,end_user_lighting_user,CAN_CREATE
ParkingPolicyModel,end_user_api,CAN_CREATE
ParkingPolicyModel,parking_owner_admin,CAN_CREATE
ParkingPolicyModel,policy_authority,CAN_CREATE
ParkingPolicyModel,sensity_user,CAN_UPDATE
ParkingPolicyModel,partner_admin,CAN_UPDATE
ParkingPolicyModel,partner_deployment_user,CAN_UPDATE
ParkingPolicyModel,end_user_admin,CAN_UPDATE
ParkingPolicyModel,end_user_lighting_user,CAN_UPDATE
ParkingPolicyModel,end_user_api,CAN_UPDATE
ParkingPolicyModel,parking_owner_admin,CAN_UPDATE
ParkingPolicyModel,policy_authority,CAN_UPDATE
ParkingPolicyModel,sensity_user,CAN_DELETE
ParkingPolicyModel,partner_admin,CAN_DELETE
ParkingPolicyModel,partner_deployment_user,CAN_DELETE
ParkingPolicyModel,end_user_admin,CAN_DELETE
ParkingPolicyModel,end_user_lighting_user,CAN_DELETE
ParkingPolicyModel,end_user_api,CAN_DELETE
ParkingPolicyModel,parking_owner_admin,CAN_DELETE
ParkingPolicyModel,policy_authority,CAN_DELETE
ParkingPolicyModel,sensity_user,CAN_READ
ParkingPolicyModel,partner_admin,CAN_READ
ParkingPolicyModel,partner_deployment_user,CAN_READ
ParkingPolicyModel,end_user_admin,CAN_READ
ParkingPolicyModel,end_user_lighting_user,CAN_READ
ParkingPolicyModel,end_user_api,CAN_READ
ParkingPolicyModel,parking_owner_admin,CAN_READ
ParkingPolicyModel,policy_authority,CAN_READ
ParkingPolicyModel,parking_manager,CAN_READ
ParkingPolicyModel,sensity_read_only,CAN_READ
PolicyCategoryModel,sensity_user,CAN_CREATE
PolicyCategoryModel,sensity_admin,CAN_CREATE
PolicyCategoryModel,partner_admin,CAN_CREATE
PolicyCategoryModel,partner_deployment_user,CAN_CREATE
PolicyCategoryModel,end_user_admin,CAN_CREATE
PolicyCategoryModel,end_user_lighting_user,CAN_CREATE
PolicyCategoryModel,end_user_api,CAN_CREATE
PolicyCategoryModel,parking_owner_admin,CAN_CREATE
PolicyCategoryModel,policy_authority,CAN_CREATE
PolicyCategoryModel,sensity_user,CAN_UPDATE
PolicyCategoryModel,sensity_admin,CAN_UPDATE
PolicyCategoryModel,partner_admin,CAN_UPDATE
PolicyCategoryModel,partner_deployment_user,CAN_UPDATE
PolicyCategoryModel,end_user_admin,CAN_UPDATE
PolicyCategoryModel,end_user_lighting_user,CAN_UPDATE
PolicyCategoryModel,end_user_api,CAN_UPDATE
PolicyCategoryModel,parking_owner_admin,CAN_UPDATE
PolicyCategoryModel,policy_authority,CAN_UPDATE
PolicyCategoryModel,sensity_user,CAN_DELETE
PolicyCategoryModel,sensity_admin,CAN_DELETE
PolicyCategoryModel,partner_admin,CAN_DELETE
PolicyCategoryModel,partner_deployment_user,CAN_DELETE
PolicyCategoryModel,end_user_admin,CAN_DELETE
PolicyCategoryModel,end_user_lighting_user,CAN_DELETE
PolicyCategoryModel,end_user_api,CAN_DELETE
PolicyCategoryModel,parking_owner_admin,CAN_DELETE
PolicyCategoryModel,policy_authority,CAN_DELETE
PolicyCategoryModel,sensity_user,CAN_READ
PolicyCategoryModel,sensity_admin,CAN_READ
PolicyCategoryModel,partner_admin,CAN_READ
PolicyCategoryModel,partner_deployment_user,CAN_READ
PolicyCategoryModel,end_user_admin,CAN_READ
PolicyCategoryModel,end_user_lighting_user,CAN_READ
PolicyCategoryModel,end_user_api,CAN_READ
PolicyCategoryModel,parking_owner_admin,CAN_READ
PolicyCategoryModel,policy_authority,CAN_READ
PolicyCategoryModel,parking_manager,CAN_READ
PolicyCategoryModel,sensity_read_only,CAN_READ
ParkingGroupModel,sensity_user,CAN_UPDATE
ParkingGroupModel,sensity_admin,CAN_UPDATE
ParkingGroupModel,partner_admin,CAN_UPDATE
ParkingGroupModel,partner_deployment_user,CAN_UPDATE
ParkingGroupModel,end_user_admin,CAN_UPDATE
ParkingGroupModel,end_user_api,CAN_UPDATE
ParkingGroupModel,parking_owner_admin,CAN_UPDATE
ParkingGroupModel,parking_manager,CAN_UPDATE
ParkingGroupModel,policy_authority,CAN_UPDATE
ParkingGroupModel,sensity_user,CAN_DELETE
ParkingGroupModel,sensity_admin,CAN_DELETE
ParkingGroupModel,partner_admin,CAN_DELETE
ParkingGroupModel,partner_deployment_user,CAN_DELETE
ParkingGroupModel,end_user_admin,CAN_DELETE
ParkingGroupModel,end_user_api,CAN_DELETE
ParkingGroupModel,parking_owner_admin,CAN_DELETE
ParkingGroupModel,policy_authority,CAN_DELETE
ParkingGroupModel,parking_manager,CAN_DELETE
ParkingGroupModel,sensity_user,CAN_READ
ParkingGroupModel,sensity_admin,CAN_READ
ParkingGroupModel,partner_admin,CAN_READ
ParkingGroupModel,partner_deployment_user,CAN_READ
ParkingGroupModel,end_user_admin,CAN_READ
ParkingGroupModel,end_user_api,CAN_READ
ParkingGroupModel,parking_owner_admin,CAN_READ
ParkingGroupModel,policy_authority,CAN_READ
ParkingGroupModel,parking_manager,CAN_READ
ParkingGroupModel,sensity_read_only,CAN_READ
SummaryReportModel,sensity_user,CAN_CREATE
SummaryReportModel,sensity_admin,CAN_CREATE
SummaryReportModel,partner_admin,CAN_CREATE
SummaryReportModel,partner_deployment_user,CAN_CREATE
SummaryReportModel,end_user_admin,CAN_CREATE
SummaryReportModel,end_user_lighting_user,CAN_CREATE
SummaryReportModel,end_user_api,CAN_CREATE
SummaryReportModel,parking_owner_admin,CAN_CREATE
SummaryReportModel,policy_authority,CAN_CREATE
SummaryReportModel,sensity_user,CAN_UPDATE
SummaryReportModel,sensity_admin,CAN_UPDATE
SummaryReportModel,partner_admin,CAN_UPDATE
SummaryReportModel,partner_deployment_user,CAN_UPDATE
SummaryReportModel,end_user_admin,CAN_UPDATE
SummaryReportModel,end_user_lighting_user,CAN_UPDATE
SummaryReportModel,end_user_api,CAN_UPDATE
SummaryReportModel,parking_owner_admin,CAN_UPDATE
SummaryReportModel,policy_authority,CAN_UPDATE
SummaryReportModel,sensity_user,CAN_DELETE
SummaryReportModel,sensity_admin,CAN_DELETE
SummaryReportModel,partner_admin,CAN_DELETE
SummaryReportModel,partner_deployment_user,CAN_DELETE
SummaryReportModel,end_user_admin,CAN_DELETE
SummaryReportModel,end_user_lighting_user,CAN_DELETE
SummaryReportModel,end_user_api,CAN_DELETE
SummaryReportModel,parking_owner_admin,CAN_DELETE
SummaryReportModel,policy_authority,CAN_DELETE
SummaryReportModel,sensity_user,CAN_READ
SummaryReportModel,sensity_admin,CAN_READ
SummaryReportModel,partner_admin,CAN_READ
SummaryReportModel,partner_deployment_user,CAN_READ
SummaryReportModel,end_user_admin,CAN_READ
SummaryReportModel,end_user_lighting_user,CAN_READ
SummaryReportModel,end_user_api,CAN_READ
SummaryReportModel,parking_owner_admin,CAN_READ
SummaryReportModel,policy_authority,CAN_READ
SummaryReportModel,parking_manager,CAN_READ
BusinessAlertModel,parking_owner_admin,CAN_CREATE
BusinessAlertModel,end_user_admin,CAN_CREATE
BusinessAlertModel,policy_authority,CAN_CREATE
BusinessAlertModel,parking_manager,CAN_CREATE
BusinessAlertModel,end_user_api,CAN_CREATE
BusinessAlertModel,partner_admin,CAN_CREATE
BusinessAlertModel,sensity_user,CAN_CREATE
BusinessAlertModel,sensity_admin,CAN_CREATE
BusinessAlertModel,partner_api,CAN_CREATE
BusinessAlertModel,parking_owner_admin,CAN_UPDATE
BusinessAlertModel,end_user_admin,CAN_UPDATE
BusinessAlertModel,policy_authority,CAN_UPDATE
BusinessAlertModel,parking_manager,CAN_UPDATE
BusinessAlertModel,end_user_api,CAN_UPDATE
BusinessAlertModel,partner_admin,CAN_UPDATE
BusinessAlertModel,sensity_user,CAN_UPDATE
BusinessAlertModel,sensity_admin,CAN_UPDATE
BusinessAlertModel,partner_api,CAN_UPDATE
BusinessAlertModel,parking_owner_admin,CAN_DELETE
BusinessAlertModel,end_user_admin,CAN_DELETE
BusinessAlertModel,policy_authority,CAN_DELETE
BusinessAlertModel,parking_manager,CAN_DELETE
BusinessAlertModel,end_user_api,CAN_DELETE
BusinessAlertModel,partner_admin,CAN_DELETE
BusinessAlertModel,sensity_user,CAN_DELETE
BusinessAlertModel,sensity_admin,CAN_DELETE
BusinessAlertModel,partner_api,CAN_DELETE
BusinessAlertModel,parking_owner_admin,CAN_READ
BusinessAlertModel,end_user_admin,CAN_READ
BusinessAlertModel,policy_authority,CAN_READ
BusinessAlertModel,parking_manager,CAN_READ
BusinessAlertModel,end_user_api,CAN_READ
BusinessAlertModel,partner_admin,CAN_READ
BusinessAlertModel,sensity_user,CAN_READ
BusinessAlertModel,sensity_admin,CAN_READ
BusinessAlertModel,partner_api,CAN_READ
BusinessAlertModel,sensity_read_only,CAN_READ
TriggerModel,parking_owner_admin,CAN_CREATE
TriggerModel,end_user_admin,CAN_CREATE
TriggerModel,policy_authority,CAN_CREATE
TriggerModel,parking_manager,CAN_CREATE
TriggerModel,end_user_api,CAN_CREATE
TriggerModel,partner_admin,CAN_CREATE
TriggerModel,sensity_user,CAN_CREATE
TriggerModel,sensity_admin,CAN_CREATE
TriggerModel,partner_api,CAN_CREATE
TriggerModel,parking_owner_admin,CAN_UPDATE
TriggerModel,end_user_admin,CAN_UPDATE
TriggerModel,policy_authority,CAN_UPDATE
TriggerModel,parking_manager,CAN_UPDATE
TriggerModel,end_user_api,CAN_UPDATE
TriggerModel,partner_admin,CAN_UPDATE
TriggerModel,sensity_user,CAN_UPDATE
TriggerModel,sensity_admin,CAN_UPDATE
TriggerModel,partner_api,CAN_UPDATE
TriggerModel,parking_owner_admin,CAN_DELETE
TriggerModel,end_user_admin,CAN_DELETE
TriggerModel,policy_authority,CAN_DELETE
TriggerModel,parking_manager,CAN_DELETE
TriggerModel,end_user_api,CAN_DELETE
TriggerModel,partner_admin,CAN_DELETE
TriggerModel,sensity_user,CAN_DELETE
TriggerModel,sensity_admin,CAN_DELETE
TriggerModel,partner_api,CAN_DELETE
TriggerModel,parking_owner_admin,CAN_READ
TriggerModel,end_user_admin,CAN_READ
TriggerModel,policy_authority,CAN_READ
TriggerModel,parking_manager,CAN_READ
TriggerModel,end_user_api,CAN_READ
TriggerModel,partner_admin,CAN_READ
TriggerModel,sensity_user,CAN_READ
TriggerModel,sensity_admin,CAN_READ
TriggerModel,partner_api,CAN_READ
TriggerModel,sensity_read_only,CAN_READ
WhatIfAnalysisModel,parking_owner_admin,CAN_CREATE
WhatIfAnalysisModel,end_user_admin,CAN_CREATE
WhatIfAnalysisModel,policy_authority,CAN_CREATE
WhatIfAnalysisModel,parking_manager,CAN_CREATE
WhatIfAnalysisModel,end_user_api,CAN_CREATE
WhatIfAnalysisModel,partner_admin,CAN_CREATE
WhatIfAnalysisModel,sensity_user,CAN_CREATE
WhatIfAnalysisModel,sensity_admin,CAN_CREATE
WhatIfAnalysisModel,partner_api,CAN_CREATE
WhatIfAnalysisModel,parking_owner_admin,CAN_UPDATE
WhatIfAnalysisModel,end_user_admin,CAN_UPDATE
WhatIfAnalysisModel,policy_authority,CAN_UPDATE
WhatIfAnalysisModel,parking_manager,CAN_UPDATE
WhatIfAnalysisModel,end_user_api,CAN_UPDATE
WhatIfAnalysisModel,partner_admin,CAN_UPDATE
WhatIfAnalysisModel,sensity_user,CAN_UPDATE
WhatIfAnalysisModel,sensity_admin,CAN_UPDATE
WhatIfAnalysisModel,partner_api,CAN_UPDATE
WhatIfAnalysisModel,parking_owner_admin,CAN_DELETE
WhatIfAnalysisModel,end_user_admin,CAN_DELETE
WhatIfAnalysisModel,policy_authority,CAN_DELETE
WhatIfAnalysisModel,parking_manager,CAN_DELETE
WhatIfAnalysisModel,end_user_api,CAN_DELETE
WhatIfAnalysisModel,partner_admin,CAN_DELETE
WhatIfAnalysisModel,sensity_user,CAN_DELETE
WhatIfAnalysisModel,sensity_admin,CAN_DELETE
WhatIfAnalysisModel,partner_api,CAN_DELETE
WhatIfAnalysisModel,parking_owner_admin,CAN_READ
WhatIfAnalysisModel,end_user_admin,CAN_READ
WhatIfAnalysisModel,policy_authority,CAN_READ
WhatIfAnalysisModel,parking_manager,CAN_READ
WhatIfAnalysisModel,end_user_api,CAN_READ
WhatIfAnalysisModel,partner_admin,CAN_READ
WhatIfAnalysisModel,sensity_user,CAN_READ
WhatIfAnalysisModel,sensity_admin,CAN_READ
WhatIfAnalysisModel,partner_api,CAN_READ
WhatIfAnalysisModel,sensity_read_only,CAN_READ
WhatIfPolicyModel,parking_owner_admin,CAN_CREATE
WhatIfPolicyModel,end_user_admin,CAN_CREATE
WhatIfPolicyModel,policy_authority,CAN_CREATE
WhatIfPolicyModel,parking_manager,CAN_CREATE
WhatIfPolicyModel,end_user_api,CAN_CREATE
WhatIfPolicyModel,partner_admin,CAN_CREATE
WhatIfPolicyModel,sensity_user,CAN_CREATE
WhatIfPolicyModel,sensity_admin,CAN_CREATE
WhatIfPolicyModel,partner_api,CAN_CREATE
WhatIfPolicyModel,parking_owner_admin,CAN_UPDATE
WhatIfPolicyModel,end_user_admin,CAN_UPDATE
WhatIfPolicyModel,policy_authority,CAN_UPDATE
WhatIfPolicyModel,parking_manager,CAN_UPDATE
WhatIfPolicyModel,end_user_api,CAN_UPDATE
WhatIfPolicyModel,partner_admin,CAN_UPDATE
WhatIfPolicyModel,sensity_user,CAN_UPDATE
WhatIfPolicyModel,sensity_admin,CAN_UPDATE
WhatIfPolicyModel,partner_api,CAN_UPDATE
WhatIfPolicyModel,parking_owner_admin,CAN_DELETE
WhatIfPolicyModel,end_user_admin,CAN_DELETE
WhatIfPolicyModel,policy_authority,CAN_DELETE
WhatIfPolicyModel,parking_manager,CAN_DELETE
WhatIfPolicyModel,end_user_api,CAN_DELETE
WhatIfPolicyModel,partner_admin,CAN_DELETE
WhatIfPolicyModel,sensity_user,CAN_DELETE
WhatIfPolicyModel,sensity_admin,CAN_DELETE
WhatIfPolicyModel,partner_api,CAN_DELETE
WhatIfPolicyModel,parking_owner_admin,CAN_READ
WhatIfPolicyModel,end_user_admin,CAN_READ
WhatIfPolicyModel,policy_authority,CAN_READ
WhatIfPolicyModel,parking_manager,CAN_READ
WhatIfPolicyModel,end_user_api,CAN_READ
WhatIfPolicyModel,partner_admin,CAN_READ
WhatIfPolicyModel,sensity_user,CAN_READ
WhatIfPolicyModel,sensity_admin,CAN_READ
WhatIfPolicyModel,partner_api,CAN_READ
WhatIfPolicyModel,sensity_read_only,CAN_READ
WhatIfTagModel,parking_owner_admin,CAN_CREATE
WhatIfTagModel,end_user_admin,CAN_CREATE
WhatIfTagModel,policy_authority,CAN_CREATE
WhatIfTagModel,parking_manager,CAN_CREATE
WhatIfTagModel,end_user_api,CAN_CREATE
WhatIfTagModel,partner_admin,CAN_CREATE
WhatIfTagModel,sensity_user,CAN_CREATE
WhatIfTagModel,sensity_admin,CAN_CREATE
WhatIfTagModel,partner_api,CAN_CREATE
WhatIfTagModel,parking_owner_admin,CAN_UPDATE
WhatIfTagModel,end_user_admin,CAN_UPDATE
WhatIfTagModel,policy_authority,CAN_UPDATE
WhatIfTagModel,parking_manager,CAN_UPDATE
WhatIfTagModel,end_user_api,CAN_UPDATE
WhatIfTagModel,partner_admin,CAN_UPDATE
WhatIfTagModel,sensity_user,CAN_UPDATE
WhatIfTagModel,sensity_admin,CAN_UPDATE
WhatIfTagModel,partner_api,CAN_UPDATE
WhatIfTagModel,parking_owner_admin,CAN_DELETE
WhatIfTagModel,end_user_admin,CAN_DELETE
WhatIfTagModel,policy_authority,CAN_DELETE
WhatIfTagModel,parking_manager,CAN_DELETE
WhatIfTagModel,end_user_api,CAN_DELETE
WhatIfTagModel,partner_admin,CAN_DELETE
WhatIfTagModel,sensity_user,CAN_DELETE
WhatIfTagModel,sensity_admin,CAN_DELETE
WhatIfTagModel,partner_api,CAN_DELETE
WhatIfTagModel,parking_owner_admin,CAN_READ
WhatIfTagModel,end_user_admin,CAN_READ
WhatIfTagModel,policy_authority,CAN_READ
WhatIfTagModel,parking_manager,CAN_READ
WhatIfTagModel,end_user_api,CAN_READ
WhatIfTagModel,partner_admin,CAN_READ
WhatIfTagModel,sensity_user,CAN_READ
WhatIfTagModel,sensity_admin,CAN_READ
WhatIfTagModel,partner_api,CAN_READ
WhatIfTagModel,sensity_read_only,CAN_READ
GpsModel,sensity_admin,CAN_READ
GpsModel,sensity_user,CAN_READ
GpsModel,sensity_read_only,CAN_READ
GpsModel,partner_admin,CAN_READ
GpsModel,partner_deployment_user,CAN_READ
GpsModel,partner_lighting_user,CAN_READ
GpsModel,partner_sensor_user,CAN_READ
GpsModel,partner_api,CAN_READ
GpsModel,partner_read_only,CAN_READ
GpsModel,end_user_admin,CAN_READ
GpsModel,end_user_lighting_user,CAN_READ
GpsModel,end_user_read_only,CAN_READ
GpsModel,end_user_sensor_user,CAN_READ
GpsModel,end_user_api,CAN_READ
GpsModel,installer,CAN_READ
GpsModel,parking_owner_admin,CAN_READ
GpsModel,policy_authority,CAN_READ
GpsModel,parking_manager,CAN_READ
GpsModel,end_user_networking_user,CAN_READ
GpsModel,partner_deployment_user,CAN_READ
GpsModel,partner_networking_user,CAN_READ
UFAlarmModel,sensity_user,CAN_CREATE
UFAlarmModel,sensity_admin,CAN_CREATE
UFAlarmModel,sensity_user,CAN_UPDATE
UFAlarmModel,sensity_admin,CAN_UPDATE
UFAlarmModel,sensity_user,CAN_DELETE
UFAlarmModel,sensity_admin,CAN_DELETE
UFAlarmModel,sensity_user,CAN_READ
UFAlarmModel,sensity_admin,CAN_READ
